country,segment_id,road_name,road_class,land_use,speed_limit,median_speed,f85_speed,percent_over,f85_gap,sample_total,speed_safety_score,priority_class,recommended_action,time_pilot_type,time_pilot_selection_score,required_next_data
Thailand,16367,Prachim Ratthaya Expressway,motorway,URBAN,80.0,98.36666666,114.5,0.8585945223204515,34.5,18126179.0,88,Critical review,"Integrated speed-limit, design, and enforcement review",Night/low-visibility curve speed management,116.59,"segment-hour median speed, F85 speed, percent over limit, sample count, day/night flag, crash records, and vulnerable-user exposure"
Thailand,16369,Prachim Ratthaya Expressway,motorway,URBAN,80.0,98.23333333,114.83333333,0.8548556829570517,34.83333333,10889982.0,86,Critical review,"Integrated speed-limit, design, and enforcement review",Night/low-visibility curve speed management,114.55,"segment-hour median speed, F85 speed, percent over limit, sample count, day/night flag, crash records, and vulnerable-user exposure"
Thailand,35515,Chalong Rat Expressway,motorway,URBAN,80.0,91.85,108.66666666,0.7145408970105623,28.666666660000004,52823213.0,85,Critical review,"Integrated speed-limit, design, and enforcement review",Night/low-visibility curve speed management,111.48,"segment-hour median speed, F85 speed, percent over limit, sample count, day/night flag, crash records, and vulnerable-user exposure"
Thailand,35516,Chalong Rat Expressway,motorway,URBAN,80.0,89.12222222,107.11111111,0.6849735483819832,27.111111109999996,41509181.0,85,Critical review,"Integrated speed-limit, design, and enforcement review",Night/low-visibility curve speed management,110.41,"segment-hour median speed, F85 speed, percent over limit, sample count, day/night flag, crash records, and vulnerable-user exposure"
Thailand,15807,Udon Ratthaya Expressway,motorway,URBAN,80.0,100.6,115.0,0.8543003373158499,35.0,11710686.0,79,Critical review,Urban high-speed corridor speed-limit review,Night enforcement or average-speed pilot,107.54,"segment-hour median speed, F85 speed, percent over limit, sample count, day/night flag, crash records, and vulnerable-user exposure"
Thailand,36333,Borommaratchachonnani Elevated Highway,primary,URBAN,80.0,83.31428571,99.85714285,0.649748804362655,19.857142850000002,12321671.0,85,Critical review,"Integrated speed-limit, design, and enforcement review",Urban time-window speed management,106.43,"segment-hour median speed, F85 speed, percent over limit, sample count, day/night flag, crash records, and vulnerable-user exposure"
Thailand,178,Buraphawithi Expressway,motorway,URBAN,80.0,92.6368421,109.94736842,0.7273532212125042,29.947368420000004,81032639.0,79,Critical review,Urban high-speed corridor speed-limit review,Night enforcement or average-speed pilot,106.25,"segment-hour median speed, F85 speed, percent over limit, sample count, day/night flag, crash records, and vulnerable-user exposure"
Thailand,55625,Phahonyothin Road,trunk,URBAN,80.0,91.7,108.0,0.7499996404445256,28.0,695303.0,83,Critical review,"Integrated speed-limit, design, and enforcement review",Urban time-window speed management,104.85,"segment-hour median speed, F85 speed, percent over limit, sample count, day/night flag, crash records, and vulnerable-user exposure"
Thailand,17519,Asian Highway,trunk,URBAN,80.0,98.23333333,112.33333333,0.761082833667179,32.33333333,6048205.0,79,Critical review,Urban high-speed corridor speed-limit review,Urban time-window speed management,104.63,"segment-hour median speed, F85 speed, percent over limit, sample count, day/night flag, crash records, and vulnerable-user exposure"
Thailand,17498,Asian Highway,trunk,URBAN,80.0,98.1,112.5,0.814578958553198,32.5,4164495.0,79,Critical review,Urban high-speed corridor speed-limit review,Urban time-window speed management,104.23,"segment-hour median speed, F85 speed, percent over limit, sample count, day/night flag, crash records, and vulnerable-user exposure"
Thailand,35817,Mittraphap Road,trunk,URBAN,78.0,94.2,108.8,0.7612701921889733,30.799999999999997,2923841.0,80,Critical review,Urban high-speed corridor speed-limit review,Urban time-window speed management,104.07,"segment-hour median speed, F85 speed, percent over limit, sample count, day/night flag, crash records, and vulnerable-user exposure"
Thailand,55622,Phahonyothin Road,trunk,RURAL,81.0,94.98333333,110.5,0.7059777743796384,29.5,3354777.0,80,Critical review,"Integrated speed-limit, design, and enforcement review",Night/low-visibility curve speed management,103.49,"segment-hour median speed, F85 speed, percent over limit, sample count, day/night flag, crash records, and vulnerable-user exposure"
Thailand,15808,Udon Ratthaya Expressway,motorway,URBAN,80.0,92.99,106.8,0.822044190572744,26.799999999999997,9871653.0,76,Critical review,Urban high-speed corridor speed-limit review,Night enforcement or average-speed pilot,102.56,"segment-hour median speed, F85 speed, percent over limit, sample count, day/night flag, crash records, and vulnerable-user exposure"
Thailand,9056, ,trunk,RURAL,85.0,97.9,114.0,0.754469959920039,29.0,1005490.0,80,Critical review,"Integrated speed-limit, design, and enforcement review",Night/low-visibility curve speed management,102.55,"segment-hour median speed, F85 speed, percent over limit, sample count, day/night flag, crash records, and vulnerable-user exposure"
Thailand,35039,Super Highway,trunk,URBAN,80.0,80.65833333,95.5,0.4284294673853413,15.5,23195475.0,85,Critical review,"Integrated speed-limit, design, and enforcement review",Urban time-window speed management,102.03,"segment-hour median speed, F85 speed, percent over limit, sample count, day/night flag, crash records, and vulnerable-user exposure"
Thailand,35804,Mittraphap Road,trunk,URBAN,72.0,85.0,99.75,0.6873100351918191,27.75,2534680.0,80,Critical review,Urban high-speed corridor speed-limit review,Urban time-window speed management,102.02,"segment-hour median speed, F85 speed, percent over limit, sample count, day/night flag, crash records, and vulnerable-user exposure"
Thailand,35747,Mittraphap Road,trunk,URBAN,80.0,84.22,99.8,0.5012171781039938,19.799999999999997,14500343.0,82,Critical review,"Integrated speed-limit, design, and enforcement review",Urban time-window speed management,101.91,"segment-hour median speed, F85 speed, percent over limit, sample count, day/night flag, crash records, and vulnerable-user exposure"
Thailand,33987,Khotchaseni Road,trunk,URBAN,80.0,91.7,106.0,0.7500006035775247,26.0,414197.0,81,Critical review,"Integrated speed-limit, design, and enforcement review",Urban time-window speed management,101.71,"segment-hour median speed, F85 speed, percent over limit, sample count, day/night flag, crash records, and vulnerable-user exposure"
Thailand,17573,Chaiyaphruek Road,trunk,URBAN,60.0,76.3,91.0,0.8125000414464204,31.0,3015942.0,77,Critical review,Curve/geometry speed-management review,Urban time-window speed management,101.63,"segment-hour median speed, F85 speed, percent over limit, sample count, day/night flag, crash records, and vulnerable-user exposure"
Thailand,6449, ,trunk,URBAN,90.0,96.4,113.33333333,0.6191277109053277,23.333333330000002,466726.0,83,Critical review,"Integrated speed-limit, design, and enforcement review",Urban time-window speed management,101.09,"segment-hour median speed, F85 speed, percent over limit, sample count, day/night flag, crash records, and vulnerable-user exposure"
Thailand,33972,Khotchaseni Road,trunk,RURAL,90.0,100.2,115.25,0.7534397091040496,25.25,1771080.0,80,Critical review,"Integrated speed-limit, design, and enforcement review",Night/low-visibility curve speed management,101.04,"segment-hour median speed, F85 speed, percent over limit, sample count, day/night flag, crash records, and vulnerable-user exposure"
Thailand,35751,Mittraphap Road,trunk,URBAN,80.0,95.7,116.0,0.7749999899707587,36.0,2492711.0,77,Critical review,Urban high-speed corridor speed-limit review,Urban time-window speed management,101.0,"segment-hour median speed, F85 speed, percent over limit, sample count, day/night flag, crash records, and vulnerable-user exposure"
Thailand,35372,Bang Na - At Narong Expressway,motorway,URBAN,60.0,101.0,116.0,1.0,56.0,1486768.0,75,Critical review,Curve/geometry speed-management review,Night/low-visibility curve speed management,100.74,"segment-hour median speed, F85 speed, percent over limit, sample count, day/night flag, crash records, and vulnerable-user exposure"
Thailand,34835,Yantarakit Koson Road,trunk,URBAN,80.0,88.2,103.0,0.6999985013412995,23.0,200179.0,82,Critical review,"Integrated speed-limit, design, and enforcement review",Urban time-window speed management,100.6,"segment-hour median speed, F85 speed, percent over limit, sample count, day/night flag, crash records, and vulnerable-user exposure"
Thailand,17515,Asian Highway,trunk,URBAN,90.0,95.925,110.5,0.6270665577265694,20.5,11470524.0,79,Critical review,Urban high-speed corridor speed-limit review,Urban time-window speed management,100.52,"segment-hour median speed, F85 speed, percent over limit, sample count, day/night flag, crash records, and vulnerable-user exposure"
Thailand,36156,Phetkasem Road,trunk,URBAN,80.0,86.65,102.0,0.657963503265952,22.0,1655107.0,82,Critical review,"Integrated speed-limit, design, and enforcement review",Urban time-window speed management,100.41,"segment-hour median speed, F85 speed, percent over limit, sample count, day/night flag, crash records, and vulnerable-user exposure"
Thailand,6471, ,trunk,URBAN,65.0,97.85,114.0,0.8253121619454199,49.0,293037.0,77,Critical review,Urban high-speed corridor speed-limit review,Urban time-window speed management,100.4,"segment-hour median speed, F85 speed, percent over limit, sample count, day/night flag, crash records, and vulnerable-user exposure"
Thailand,33988,Khotchaseni Road,trunk,RURAL,90.0,102.0,117.0,0.7666663390566798,27.0,406988.0,79,Critical review,"Integrated speed-limit, design, and enforcement review",Night/low-visibility curve speed management,100.37,"segment-hour median speed, F85 speed, percent over limit, sample count, day/night flag, crash records, and vulnerable-user exposure"
Thailand,36219,Phetkasem Road,trunk,URBAN,80.0,84.46,97.2,0.6258521717919808,17.200000000000003,4579329.0,83,Critical review,"Integrated speed-limit, design, and enforcement review",Urban time-window speed management,100.15,"segment-hour median speed, F85 speed, percent over limit, sample count, day/night flag, crash records, and vulnerable-user exposure"
Thailand,22557, ,primary,URBAN,80.0,90.3,105.0,0.75,25.0,83580.0,80,Critical review,"Integrated speed-limit, design, and enforcement review",Urban time-window speed management,100.04,"segment-hour median speed, F85 speed, percent over limit, sample count, day/night flag, crash records, and vulnerable-user exposure"
Thailand,17502,Asian Highway,trunk,URBAN,90.0,93.75,109.0,0.6282674591299563,19.0,11553511.0,79,Critical review,Urban high-speed corridor speed-limit review,Urban time-window speed management,99.78,"segment-hour median speed, F85 speed, percent over limit, sample count, day/night flag, crash records, and vulnerable-user exposure"
Thailand,36249,Phetkasem Road,trunk,URBAN,80.0,88.8,105.0,0.6833334197009576,25.0,2122709.0,79,Critical review,Urban high-speed corridor speed-limit review,Urban time-window speed management,99.39,"segment-hour median speed, F85 speed, percent over limit, sample count, day/night flag, crash records, and vulnerable-user exposure"
Thailand,32393, ,motorway,URBAN,80.0,101.0,116.0,1.0,36.0,2665832.0,73,High priority,Urban high-speed corridor speed-limit review,Night enforcement or average-speed pilot,99.33,"segment-hour median speed, F85 speed, percent over limit, sample count, day/night flag, crash records, and vulnerable-user exposure"
Thailand,55623,Phahonyothin Road,trunk,URBAN,80.0,82.8,99.25,0.6220061992986246,19.25,2288646.0,82,Critical review,"Integrated speed-limit, design, and enforcement review",Urban time-window speed management,98.99,"segment-hour median speed, F85 speed, percent over limit, sample count, day/night flag, crash records, and vulnerable-user exposure"
Thailand,32786, ,motorway,URBAN,60.0,81.5,94.0,1.0,34.0,1889426.0,73,High priority,Curve/geometry speed-management review,Night/low-visibility curve speed management,98.94,"segment-hour median speed, F85 speed, percent over limit, sample count, day/night flag, crash records, and vulnerable-user exposure"
Thailand,35551,Phet Kasem Road,trunk,URBAN,80.0,75.53333333,91.5,0.609870265026725,11.5,17749493.0,82,Critical review,"Integrated speed-limit, design, and enforcement review",Urban time-window speed management,98.85,"segment-hour median speed, F85 speed, percent over limit, sample count, day/night flag, crash records, and vulnerable-user exposure"
Thailand,6383, ,trunk,URBAN,90.0,104.0,119.0,0.7624998603991467,29.0,268623.0,76,Critical review,Urban high-speed corridor speed-limit review,Urban time-window speed management,98.26,"segment-hour median speed, F85 speed, percent over limit, sample count, day/night flag, crash records, and vulnerable-user exposure"
Thailand,20475, ,primary,URBAN,80.0,89.8,106.0,0.7166720853840376,26.0,89197.0,78,Critical review,"Integrated speed-limit, design, and enforcement review",Urban time-window speed management,98.21,"segment-hour median speed, F85 speed, percent over limit, sample count, day/night flag, crash records, and vulnerable-user exposure"
Thailand,11425, ,trunk,URBAN,80.0,89.4,106.0,0.7166664739053498,26.0,1210478.0,77,Critical review,Urban high-speed corridor speed-limit review,Urban time-window speed management,97.77,"segment-hour median speed, F85 speed, percent over limit, sample count, day/night flag, crash records, and vulnerable-user exposure"
Thailand,6299, ,trunk,URBAN,90.0,101.0,119.0,0.7166686313804079,29.0,135728.0,76,Critical review,Urban high-speed corridor speed-limit review,Urban time-window speed management,97.73,"segment-hour median speed, F85 speed, percent over limit, sample count, day/night flag, crash records, and vulnerable-user exposure"
Thailand,53416, ,secondary,URBAN,70.0,76.33333333,90.33333333,0.6389535757211539,20.333333330000002,319488.0,81,Critical review,"Integrated speed-limit, design, and enforcement review",Night/low-visibility curve speed management,97.72,"segment-hour median speed, F85 speed, percent over limit, sample count, day/night flag, crash records, and vulnerable-user exposure"
Thailand,34847,Suphan Buri Ring Road,primary,URBAN,90.0,97.7,114.0,0.6499994111204023,24.0,169814.0,79,Critical review,"Integrated speed-limit, design, and enforcement review",Urban time-window speed management,97.58,"segment-hour median speed, F85 speed, percent over limit, sample count, day/night flag, crash records, and vulnerable-user exposure"
Thailand,36233,Phetkasem Road,trunk,URBAN,90.0,86.77142857,101.0,0.5946769491410369,11.0,11078008.0,81,Critical review,Urban high-speed corridor speed-limit review,Urban time-window speed management,97.45,"segment-hour median speed, F85 speed, percent over limit, sample count, day/night flag, crash records, and vulnerable-user exposure"
Thailand,34108,Malai Maen Road,trunk,URBAN,80.0,85.45,101.0,0.7531197917334964,21.0,701409.0,79,Critical review,"Integrated speed-limit, design, and enforcement review",Urban time-window speed management,97.38,"segment-hour median speed, F85 speed, percent over limit, sample count, day/night flag, crash records, and vulnerable-user exposure"
Thailand,5402, ,trunk,URBAN,80.0,96.6,113.0,0.812500383466166,33.0,488961.0,74,High priority,Urban high-speed corridor speed-limit review,Urban time-window speed management,97.37,"segment-hour median speed, F85 speed, percent over limit, sample count, day/night flag, crash records, and vulnerable-user exposure"
Thailand,55539,Thinanon Road,primary,URBAN,60.0,78.3,94.5,0.9003989740666857,34.5,722854.0,73,High priority,Curve/geometry speed-management review,Urban time-window speed management,97.37,"segment-hour median speed, F85 speed, percent over limit, sample count, day/night flag, crash records, and vulnerable-user exposure"
Thailand,33534, ,motorway,URBAN,80.0,97.9,118.0,0.8124999234803504,38.0,2450351.0,73,High priority,Urban high-speed corridor speed-limit review,Night enforcement or average-speed pilot,97.35,"segment-hour median speed, F85 speed, percent over limit, sample count, day/night flag, crash records, and vulnerable-user exposure"
Thailand,36025,Phetkasem Road,trunk,URBAN,80.0,92.5,110.0,0.8166678512411379,30.0,225116.0,74,High priority,Urban high-speed corridor speed-limit review,Urban time-window speed management,97.28,"segment-hour median speed, F85 speed, percent over limit, sample count, day/night flag, crash records, and vulnerable-user exposure"
Thailand,9057, ,trunk,RURAL,90.0,98.85,115.5,0.6999991885701998,25.5,985914.0,77,Critical review,"Integrated speed-limit, design, and enforcement review",Night/low-visibility curve speed management,97.24,"segment-hour median speed, F85 speed, percent over limit, sample count, day/night flag, crash records, and vulnerable-user exposure"
Thailand,34123,Malai Maen Road,trunk,URBAN,80.0,87.5,103.0,0.649999777140896,23.0,448714.0,79,Critical review,"Integrated speed-limit, design, and enforcement review",Urban time-window speed management,97.22,"segment-hour median speed, F85 speed, percent over limit, sample count, day/night flag, crash records, and vulnerable-user exposure"
Thailand,173,Buraphawithi Expressway,motorway,URBAN,80.0,82.61296296,99.92592592,0.7248066882003324,19.925925919999997,79510537.0,75,Critical review,Urban high-speed corridor speed-limit review,Variable speed limit feasibility review,97.21,"segment-hour median speed, F85 speed, percent over limit, sample count, day/night flag, crash records, and vulnerable-user exposure"
Thailand,55624,Phahonyothin Road,trunk,RURAL,90.0,95.86875,111.54166666,0.7269521856559674,21.541666660000004,6280563.0,76,Critical review,"Integrated speed-limit, design, and enforcement review",Night/low-visibility curve speed management,97.18,"segment-hour median speed, F85 speed, percent over limit, sample count, day/night flag, crash records, and vulnerable-user exposure"
Thailand,16866,Lampang Bypass Road,trunk,URBAN,90.0,95.4,114.0,0.6000014857957923,24.0,269216.0,79,Critical review,"Integrated speed-limit, design, and enforcement review",Urban time-window speed management,97.13,"segment-hour median speed, F85 speed, percent over limit, sample count, day/night flag, crash records, and vulnerable-user exposure"
Thailand,33532, ,motorway,URBAN,81.0,84.2,106.0,0.562878220661608,25.0,14777088.0,74,High priority,Urban high-speed corridor speed-limit review,Variable speed limit feasibility review,97.13,"segment-hour median speed, F85 speed, percent over limit, sample count, day/night flag, crash records, and vulnerable-user exposure"
Thailand,19892, ,primary,URBAN,80.0,95.0,110.0,0.800001821394095,30.0,219612.0,74,High priority,Urban high-speed corridor speed-limit review,Urban time-window speed management,97.11,"segment-hour median speed, F85 speed, percent over limit, sample count, day/night flag, crash records, and vulnerable-user exposure"
Thailand,34330,Sa Kaeo-Khao Hin Son Road,primary,URBAN,90.0,99.4,115.5,0.6916119949164428,25.5,737279.0,77,Critical review,Urban high-speed corridor speed-limit review,Urban time-window speed management,97.03,"segment-hour median speed, F85 speed, percent over limit, sample count, day/night flag, crash records, and vulnerable-user exposure"
Thailand,36556,Phitsanulok Ring Road,trunk,URBAN,80.0,87.8,102.0,0.666666036805318,22.0,529217.0,79,Critical review,"Integrated speed-limit, design, and enforcement review",Urban time-window speed management,96.93,"segment-hour median speed, F85 speed, percent over limit, sample count, day/night flag, crash records, and vulnerable-user exposure"
Thailand,5279, ,trunk,URBAN,80.0,95.1,112.0,0.7624999587432876,32.0,605962.0,74,High priority,Urban high-speed corridor speed-limit review,Urban time-window speed management,96.93,"segment-hour median speed, F85 speed, percent over limit, sample count, day/night flag, crash records, and vulnerable-user exposure"
Thailand,33887,Si Khio-Det Udom Road,trunk,URBAN,85.0,98.05,115.5,0.7588212103291938,30.5,629052.0,74,High priority,Urban high-speed corridor speed-limit review,Urban time-window speed management,96.9,"segment-hour median speed, F85 speed, percent over limit, sample count, day/night flag, crash records, and vulnerable-user exposure"
Thailand,16167,Phahon Yothin Road,trunk,URBAN,80.0,93.8,110.0,0.7666665828634065,30.0,397757.0,74,High priority,Urban high-speed corridor speed-limit review,Urban time-window speed management,96.87,"segment-hour median speed, F85 speed, percent over limit, sample count, day/night flag, crash records, and vulnerable-user exposure"
Thailand,6384, ,trunk,URBAN,90.0,101.0,117.0,0.7166675981296223,27.0,268395.0,76,Critical review,Urban high-speed corridor speed-limit review,Urban time-window speed management,96.8,"segment-hour median speed, F85 speed, percent over limit, sample count, day/night flag, crash records, and vulnerable-user exposure"
Thailand,35295,Nittayo Road,trunk,URBAN,80.0,91.2,106.0,0.7499994194943099,26.0,430659.0,76,Critical review,Urban high-speed corridor speed-limit review,Urban time-window speed management,96.72,"segment-hour median speed, F85 speed, percent over limit, sample count, day/night flag, crash records, and vulnerable-user exposure"
Thailand,43862, ,secondary,URBAN,60.0,77.8,91.0,0.8624992428372403,31.0,181599.0,73,High priority,Curve/geometry speed-management review,Night/low-visibility curve speed management,96.72,"segment-hour median speed, F85 speed, percent over limit, sample count, day/night flag, crash records, and vulnerable-user exposure"
Thailand,29539, ,primary,RURAL,90.0,98.47142857,115.14285714,0.6562075336295482,25.142857140000004,785916.0,77,Critical review,"Integrated speed-limit, design, and enforcement review",Night/low-visibility curve speed management,96.53,"segment-hour median speed, F85 speed, percent over limit, sample count, day/night flag, crash records, and vulnerable-user exposure"
Thailand,55619,Phahonyothin Road,trunk,RURAL,90.0,94.39375,110.58333333,0.6611246258133027,20.583333330000002,7075011.0,76,Critical review,"Integrated speed-limit, design, and enforcement review",Night/low-visibility curve speed management,96.44,"segment-hour median speed, F85 speed, percent over limit, sample count, day/night flag, crash records, and vulnerable-user exposure"
Thailand,35046,Super Highway,trunk,RURAL,70.0,84.4875,97.58333333,0.6561451322400228,27.583333330000002,5907440.0,73,High priority,Curve/geometry speed-management review,Night/low-visibility curve speed management,96.31,"segment-hour median speed, F85 speed, percent over limit, sample count, day/night flag, crash records, and vulnerable-user exposure"
Thailand,30,Kanchanaphisek Road,motorway,URBAN,80.0,87.6,106.0,0.6666667699971636,26.0,3225895.0,75,Critical review,Urban high-speed corridor speed-limit review,Night enforcement or average-speed pilot,96.28,"segment-hour median speed, F85 speed, percent over limit, sample count, day/night flag, crash records, and vulnerable-user exposure"
Thailand,10310, ,trunk,URBAN,80.0,89.6,106.0,0.6999998106465851,26.0,528113.0,76,Critical review,Urban high-speed corridor speed-limit review,Urban time-window speed management,96.26,"segment-hour median speed, F85 speed, percent over limit, sample count, day/night flag, crash records, and vulnerable-user exposure"
Thailand,22527, ,primary,URBAN,80.0,91.9,109.0,0.762498583402939,29.0,238247.0,74,High priority,Urban high-speed corridor speed-limit review,Urban time-window speed management,96.24,"segment-hour median speed, F85 speed, percent over limit, sample count, day/night flag, crash records, and vulnerable-user exposure"
Thailand,36853,Surat Thani Ring Road,trunk,URBAN,80.0,83.9,100.0,0.6,20.0,447180.0,80,Critical review,"Integrated speed-limit, design, and enforcement review",Urban time-window speed management,96.22,"segment-hour median speed, F85 speed, percent over limit, sample count, day/night flag, crash records, and vulnerable-user exposure"
Thailand,16481,Chaeng Sanit Road,trunk,URBAN,80.0,90.1,106.0,0.6999994220588576,26.0,346056.0,76,Critical review,Urban high-speed corridor speed-limit review,Urban time-window speed management,96.17,"segment-hour median speed, F85 speed, percent over limit, sample count, day/night flag, crash records, and vulnerable-user exposure"
Thailand,12876, ,trunk,URBAN,80.0,90.2,105.0,0.7333328141912675,25.0,642085.0,76,Critical review,Urban high-speed corridor speed-limit review,Urban time-window speed management,96.15,"segment-hour median speed, F85 speed, percent over limit, sample count, day/night flag, crash records, and vulnerable-user exposure"
Thailand,29668, ,primary,URBAN,80.0,90.6,105.0,0.7499989755735763,25.0,244039.0,76,Critical review,Urban high-speed corridor speed-limit review,Urban time-window speed management,96.12,"segment-hour median speed, F85 speed, percent over limit, sample count, day/night flag, crash records, and vulnerable-user exposure"
Thailand,36148,Phetkasem Road,trunk,URBAN,90.0,88.1,107.5,0.46636129589205216,17.5,1373849.0,82,Critical review,"Integrated speed-limit, design, and enforcement review",Urban time-window speed management,96.1,"segment-hour median speed, F85 speed, percent over limit, sample count, day/night flag, crash records, and vulnerable-user exposure"
Thailand,33658,Sirat Expressway,motorway,URBAN,80.0,78.98,94.4,0.6892068490380235,14.400000000000006,31744020.0,77,Critical review,"Integrated speed-limit, design, and enforcement review",Variable speed limit feasibility review,96.09,"segment-hour median speed, F85 speed, percent over limit, sample count, day/night flag, crash records, and vulnerable-user exposure"
Thailand,19619, ,primary,URBAN,80.0,88.2,104.0,0.699998780755444,24.0,164036.0,77,Critical review,"Integrated speed-limit, design, and enforcement review",Urban time-window speed management,96.08,"segment-hour median speed, F85 speed, percent over limit, sample count, day/night flag, crash records, and vulnerable-user exposure"
Thailand,33993,Khotchaseni Road,trunk,RURAL,90.0,101.25,114.5,0.7414711645926156,24.5,798116.0,76,Critical review,"Integrated speed-limit, design, and enforcement review",Night/low-visibility curve speed management,96.06,"segment-hour median speed, F85 speed, percent over limit, sample count, day/night flag, crash records, and vulnerable-user exposure"
Thailand,5562, ,trunk,URBAN,80.0,89.9,103.0,0.7333338480583287,23.0,388557.0,77,Critical review,"Integrated speed-limit, design, and enforcement review",Urban time-window speed management,96.03,"segment-hour median speed, F85 speed, percent over limit, sample count, day/night flag, crash records, and vulnerable-user exposure"
Thailand,32459, ,motorway,URBAN,60.0,94.36666666,110.0,1.0,50.0,11852361.0,66,High priority,Enforcement or average-speed camera candidate,Night enforcement or average-speed pilot,96.0,"segment-hour median speed, F85 speed, percent over limit, sample count, day/night flag, crash records, and vulnerable-user exposure"
Thailand,52405, ,secondary,URBAN,66.0,94.33333333,113.66666667,0.4810732247626598,47.66666667,355713.0,76,Critical review,"Integrated speed-limit, design, and enforcement review",Night/low-visibility curve speed management,95.99,"segment-hour median speed, F85 speed, percent over limit, sample count, day/night flag, crash records, and vulnerable-user exposure"
Thailand,15206,Nakhon In Road,primary,URBAN,80.0,85.8,101.625,0.6015894780972246,21.625,8176772.0,75,Critical review,Urban high-speed corridor speed-limit review,Urban time-window speed management,95.92,"segment-hour median speed, F85 speed, percent over limit, sample count, day/night flag, crash records, and vulnerable-user exposure"
Thailand,36346,Ratchaphruek Road,primary,URBAN,80.0,76.495,92.25,0.45798412854603393,12.25,36443038.0,80,Critical review,Urban high-speed corridor speed-limit review,Urban time-window speed management,95.7,"segment-hour median speed, F85 speed, percent over limit, sample count, day/night flag, crash records, and vulnerable-user exposure"
Thailand,17500,Asian Highway,trunk,URBAN,90.0,94.78,109.4,0.5936021159657282,19.400000000000006,10630796.0,75,Critical review,Urban high-speed corridor speed-limit review,Urban time-window speed management,95.64,"segment-hour median speed, F85 speed, percent over limit, sample count, day/night flag, crash records, and vulnerable-user exposure"
Thailand,36502,Vajiravudh Damnoen Road,trunk,RURAL,90.0,92.725,108.375,0.6787822659379362,18.375,1315164.0,79,Critical review,"Integrated speed-limit, design, and enforcement review",Night/low-visibility curve speed management,95.63,"segment-hour median speed, F85 speed, percent over limit, sample count, day/night flag, crash records, and vulnerable-user exposure"
Thailand,17523,Asian Highway,trunk,URBAN,90.0,99.6,114.0,0.6797373194105143,24.0,3655390.0,75,Critical review,Urban high-speed corridor speed-limit review,Urban time-window speed management,95.63,"segment-hour median speed, F85 speed, percent over limit, sample count, day/night flag, crash records, and vulnerable-user exposure"
Thailand,55621,Phahonyothin Road,trunk,RURAL,87.0,95.125,110.75,0.6529348354594507,23.75,2369264.0,76,Critical review,"Integrated speed-limit, design, and enforcement review",Night/low-visibility curve speed management,95.59,"segment-hour median speed, F85 speed, percent over limit, sample count, day/night flag, crash records, and vulnerable-user exposure"
Thailand,6300, ,trunk,URBAN,90.0,97.2,116.0,0.649998011533108,26.0,125725.0,76,Critical review,Urban high-speed corridor speed-limit review,Urban time-window speed management,95.56,"segment-hour median speed, F85 speed, percent over limit, sample count, day/night flag, crash records, and vulnerable-user exposure"
Thailand,6816, ,trunk,URBAN,80.0,93.2,108.0,0.7374997760940047,28.0,279135.0,74,High priority,Urban high-speed corridor speed-limit review,Urban time-window speed management,95.51,"segment-hour median speed, F85 speed, percent over limit, sample count, day/night flag, crash records, and vulnerable-user exposure"
Thailand,29716, ,primary,URBAN,80.0,88.6,105.0,0.6833319470481724,25.0,156293.0,76,Critical review,Urban high-speed corridor speed-limit review,Urban time-window speed management,95.41,"segment-hour median speed, F85 speed, percent over limit, sample count, day/night flag, crash records, and vulnerable-user exposure"
Thailand,6820, ,trunk,URBAN,80.0,91.4,108.0,0.7249987714384,28.0,264537.0,74,High priority,Urban high-speed corridor speed-limit review,Urban time-window speed management,95.38,"segment-hour median speed, F85 speed, percent over limit, sample count, day/night flag, crash records, and vulnerable-user exposure"
Thailand,16128,Phahon Yothin Road,trunk,URBAN,80.0,92.0,107.0,0.766666233208931,27.0,384505.0,74,High priority,Urban high-speed corridor speed-limit review,Urban time-window speed management,95.36,"segment-hour median speed, F85 speed, percent over limit, sample count, day/night flag, crash records, and vulnerable-user exposure"
Thailand,16165,Phahon Yothin Road,trunk,URBAN,80.0,91.4,107.0,0.7499993757038939,27.0,400451.0,74,High priority,Urban high-speed corridor speed-limit review,Urban time-window speed management,95.2,"segment-hour median speed, F85 speed, percent over limit, sample count, day/night flag, crash records, and vulnerable-user exposure"
Thailand,14013, ,trunk,URBAN,80.0,90.5,107.0,0.7499993107004111,27.0,362687.0,74,High priority,Urban high-speed corridor speed-limit review,Urban time-window speed management,95.18,"segment-hour median speed, F85 speed, percent over limit, sample count, day/night flag, crash records, and vulnerable-user exposure"
Thailand,36241,Phetkasem Road,trunk,URBAN,80.0,88.7,104.0,0.7,24.0,2272410.0,75,Critical review,Urban high-speed corridor speed-limit review,Urban time-window speed management,95.14,"segment-hour median speed, F85 speed, percent over limit, sample count, day/night flag, crash records, and vulnerable-user exposure"
Thailand,16091,Phahon Yothin Road,trunk,RURAL,83.0,95.2,110.33333333,0.7418920720848117,27.333333330000002,2107351.0,73,High priority,Enforcement or average-speed camera candidate,Night enforcement or average-speed pilot,95.14,"segment-hour median speed, F85 speed, percent over limit, sample count, day/night flag, crash records, and vulnerable-user exposure"
Thailand,32552, ,motorway,URBAN,60.0,81.4,95.0,1.0,35.0,199236.0,70,High priority,Curve/geometry speed-management review,Night/low-visibility curve speed management,95.1,"segment-hour median speed, F85 speed, percent over limit, sample count, day/night flag, crash records, and vulnerable-user exposure"
Thailand,29673, ,primary,URBAN,90.0,96.6,115.0,0.6333324335429845,25.0,333411.0,76,Critical review,Urban high-speed corridor speed-limit review,Urban time-window speed management,95.0,"segment-hour median speed, F85 speed, percent over limit, sample count, day/night flag, crash records, and vulnerable-user exposure"
Thailand,33864,Si Khio-Det Udom Road,trunk,RURAL,90.0,99.93333333,118.5,0.6776537874389903,28.5,1720833.0,73,High priority,Enforcement or average-speed camera candidate,Night enforcement or average-speed pilot,94.89,"segment-hour median speed, F85 speed, percent over limit, sample count, day/night flag, crash records, and vulnerable-user exposure"
Maharashtra,2321,Yavatmal Bypass,primary,URBAN,55.0,65.875,81.0,0.7808415227554623,26.0,52405.0,74,High priority,Curve/geometry speed-management review,Urban time-window speed management,94.83,"segment-hour median speed, F85 speed, percent over limit, sample count, day/night flag, crash records, and vulnerable-user exposure"
Maharashtra,3420,Amravati Bypass,trunk,URBAN,60.0,81.0,97.5,0.8802573509863348,37.5,56421.0,71,High priority,Curve/geometry speed-management review,Urban time-window speed management,94.83,"segment-hour median speed, F85 speed, percent over limit, sample count, day/night flag, crash records, and vulnerable-user exposure"
Thailand,17521,Asian Highway,trunk,URBAN,90.0,99.9,114.0,0.6833331436397643,24.0,1845081.0,75,Critical review,Urban high-speed corridor speed-limit review,Urban time-window speed management,94.76,"segment-hour median speed, F85 speed, percent over limit, sample count, day/night flag, crash records, and vulnerable-user exposure"
Thailand,16130,Phahon Yothin Road,trunk,URBAN,80.0,91.1,106.0,0.7500006288849367,26.0,397529.0,74,High priority,Urban high-speed corridor speed-limit review,Urban time-window speed management,94.7,"segment-hour median speed, F85 speed, percent over limit, sample count, day/night flag, crash records, and vulnerable-user exposure"
Thailand,34479,Sukhumvit Road,trunk,URBAN,80.0,76.4,95.0,0.436296056059396,15.0,1606439.0,82,Critical review,"Integrated speed-limit, design, and enforcement review",Urban time-window speed management,94.67,"segment-hour median speed, F85 speed, percent over limit, sample count, day/night flag, crash records, and vulnerable-user exposure"
Thailand,5969, ,trunk,RURAL,90.0,101.7,117.0,0.7106690432661267,27.0,2097114.0,73,High priority,Enforcement or average-speed camera candidate,Night enforcement or average-speed pilot,94.66,"segment-hour median speed, F85 speed, percent over limit, sample count, day/night flag, crash records, and vulnerable-user exposure"
Thailand,11441, ,trunk,URBAN,60.0,85.5,98.0,1.0,38.0,1278954.0,69,High priority,Enforcement or average-speed camera candidate,Urban time-window speed management,94.64,"segment-hour median speed, F85 speed, percent over limit, sample count, day/night flag, crash records, and vulnerable-user exposure"
Thailand,6177, ,trunk,RURAL,85.0,96.5,113.0,0.7081184103514724,28.0,1091864.0,73,High priority,Enforcement or average-speed camera candidate,Night enforcement or average-speed pilot,94.63,"segment-hour median speed, F85 speed, percent over limit, sample count, day/night flag, crash records, and vulnerable-user exposure"
Thailand,34001,Khotchaseni Road,trunk,RURAL,85.0,96.475,112.25,0.7031981204053358,27.25,1815285.0,73,High priority,Enforcement or average-speed camera candidate,Night enforcement or average-speed pilot,94.56,"segment-hour median speed, F85 speed, percent over limit, sample count, day/night flag, crash records, and vulnerable-user exposure"
Thailand,9067, ,trunk,RURAL,90.0,101.3,117.0,0.7249398232967377,27.0,1586162.0,73,High priority,Enforcement or average-speed camera candidate,Night enforcement or average-speed pilot,94.54,"segment-hour median speed, F85 speed, percent over limit, sample count, day/night flag, crash records, and vulnerable-user exposure"
Thailand,36242,Phetkasem Road,trunk,RURAL,80.0,91.38,105.6,0.6682369095508597,25.599999999999994,11745529.0,70,High priority,Enforcement or average-speed camera candidate,Night enforcement or average-speed pilot,94.48,"segment-hour median speed, F85 speed, percent over limit, sample count, day/night flag, crash records, and vulnerable-user exposure"
Thailand,36214,Phetkasem Road,trunk,URBAN,80.0,83.3,97.5,0.5780583234199527,17.5,1832540.0,79,Critical review,"Integrated speed-limit, design, and enforcement review",Urban time-window speed management,94.45,"segment-hour median speed, F85 speed, percent over limit, sample count, day/night flag, crash records, and vulnerable-user exposure"
Thailand,36695,Highway 42,trunk,URBAN,60.0,75.03333333,89.33333333,0.6494913890859527,29.333333330000002,537051.0,73,High priority,Curve/geometry speed-management review,Urban time-window speed management,94.43,"segment-hour median speed, F85 speed, percent over limit, sample count, day/night flag, crash records, and vulnerable-user exposure"
Thailand,19550, ,primary,URBAN,70.0,81.8,95.5,0.7169001205118423,25.5,990774.0,74,High priority,Urban high-speed corridor speed-limit review,Urban time-window speed management,94.41,"segment-hour median speed, F85 speed, percent over limit, sample count, day/night flag, crash records, and vulnerable-user exposure"
Thailand,34820,Yantarakit Koson Road,trunk,URBAN,85.0,94.2,110.5,0.7105172559387322,25.5,923682.0,74,High priority,Urban high-speed corridor speed-limit review,Urban time-window speed management,94.32,"segment-hour median speed, F85 speed, percent over limit, sample count, day/night flag, crash records, and vulnerable-user exposure"
Thailand,11566, ,trunk,RURAL,90.0,100.13333333,115.33333333,0.709067026869207,25.333333330000002,3034589.0,73,High priority,Enforcement or average-speed camera candidate,Night enforcement or average-speed pilot,94.27,"segment-hour median speed, F85 speed, percent over limit, sample count, day/night flag, crash records, and vulnerable-user exposure"
Thailand,15745,Phitsanulok Ring Road,primary,URBAN,85.0,92.3,109.5,0.6425161460672209,24.5,1037714.0,75,Critical review,Urban high-speed corridor speed-limit review,Urban time-window speed management,94.19,"segment-hour median speed, F85 speed, percent over limit, sample count, day/night flag, crash records, and vulnerable-user exposure"
Thailand,17449,Asian Highway,trunk,URBAN,80.0,89.7,105.0,0.7249999141647602,25.0,873767.0,74,High priority,Urban high-speed corridor speed-limit review,Urban time-window speed management,94.19,"segment-hour median speed, F85 speed, percent over limit, sample count, day/night flag, crash records, and vulnerable-user exposure"
Thailand,23098, ,primary,URBAN,80.0,86.5,101.0,0.6588799223348097,21.0,115367.0,77,Critical review,"Integrated speed-limit, design, and enforcement review",Urban time-window speed management,94.15,"segment-hour median speed, F85 speed, percent over limit, sample count, day/night flag, crash records, and vulnerable-user exposure"
Thailand,36158,Phetkasem Road,trunk,URBAN,80.0,87.4,103.66666666,0.6008960443801254,23.666666660000004,2487600.0,75,Critical review,Urban high-speed corridor speed-limit review,Urban time-window speed management,94.09,"segment-hour median speed, F85 speed, percent over limit, sample count, day/night flag, crash records, and vulnerable-user exposure"
Thailand,16092,Phahon Yothin Road,trunk,URBAN,80.0,82.4,97.0,0.4937740818385317,17.0,3096732.0,79,Critical review,"Integrated speed-limit, design, and enforcement review",Urban time-window speed management,93.99,"segment-hour median speed, F85 speed, percent over limit, sample count, day/night flag, crash records, and vulnerable-user exposure"
Thailand,5359, ,trunk,RURAL,90.0,100.4,117.0,0.6875103778856844,27.0,1186417.0,73,High priority,Enforcement or average-speed camera candidate,Night enforcement or average-speed pilot,93.97,"segment-hour median speed, F85 speed, percent over limit, sample count, day/night flag, crash records, and vulnerable-user exposure"
Thailand,17689, ,primary,URBAN,80.0,83.2,95.0,0.6000004347065351,15.0,920161.0,80,Critical review,"Integrated speed-limit, design, and enforcement review",Urban time-window speed management,93.96,"segment-hour median speed, F85 speed, percent over limit, sample count, day/night flag, crash records, and vulnerable-user exposure"
Thailand,16088,Phahon Yothin Road,trunk,URBAN,80.0,84.95,99.5,0.447670223134963,19.5,1304009.0,79,Critical review,"Integrated speed-limit, design, and enforcement review",Urban time-window speed management,93.88,"segment-hour median speed, F85 speed, percent over limit, sample count, day/night flag, crash records, and vulnerable-user exposure"
Thailand,5351, ,trunk,URBAN,80.0,86.2,100.0,0.675001742929516,20.0,215155.0,77,Critical review,"Integrated speed-limit, design, and enforcement review",Urban time-window speed management,93.86,"segment-hour median speed, F85 speed, percent over limit, sample count, day/night flag, crash records, and vulnerable-user exposure"
Thailand,5967, ,trunk,RURAL,90.0,100.15,115.75,0.6873891994630253,25.75,2221334.0,73,High priority,Enforcement or average-speed camera candidate,Night enforcement or average-speed pilot,93.86,"segment-hour median speed, F85 speed, percent over limit, sample count, day/night flag, crash records, and vulnerable-user exposure"
Thailand,17506,Asian Highway,trunk,URBAN,90.0,95.3,109.5,0.6125322538717289,19.5,5931846.0,75,Critical review,Urban high-speed corridor speed-limit review,Urban time-window speed management,93.84,"segment-hour median speed, F85 speed, percent over limit, sample count, day/night flag, crash records, and vulnerable-user exposure"
Thailand,34009,Khotchaseni Road,trunk,RURAL,90.0,95.0,109.5,0.7153407578449519,19.5,1776907.0,76,Critical review,"Integrated speed-limit, design, and enforcement review",Night/low-visibility curve speed management,93.79,"segment-hour median speed, F85 speed, percent over limit, sample count, day/night flag, crash records, and vulnerable-user exposure"
Thailand,27478, ,primary,URBAN,80.0,86.5,100.0,0.6666666666666666,20.0,207381.0,77,Critical review,"Integrated speed-limit, design, and enforcement review",Urban time-window speed management,93.77,"segment-hour median speed, F85 speed, percent over limit, sample count, day/night flag, crash records, and vulnerable-user exposure"
Thailand,7771, ,trunk,URBAN,90.0,97.0,117.0,0.616664922014027,27.0,191060.0,74,High priority,Urban high-speed corridor speed-limit review,Urban time-window speed management,93.76,"segment-hour median speed, F85 speed, percent over limit, sample count, day/night flag, crash records, and vulnerable-user exposure"
Thailand,33644,Rama II Road,trunk,URBAN,90.0,92.925,108.25,0.5617406934241496,18.25,10123299.0,74,High priority,Urban high-speed corridor speed-limit review,Urban time-window speed management,93.74,"segment-hour median speed, F85 speed, percent over limit, sample count, day/night flag, crash records, and vulnerable-user exposure"
Thailand,17046,Nakhon Ratchasima Bypass Road,trunk,URBAN,80.0,81.65,96.16666666,0.4740402786902531,16.166666660000004,3698730.0,79,Critical review,"Integrated speed-limit, design, and enforcement review",Urban time-window speed management,93.67,"segment-hour median speed, F85 speed, percent over limit, sample count, day/night flag, crash records, and vulnerable-user exposure"
Thailand,33881,Si Khio-Det Udom Road,trunk,URBAN,90.0,97.0,116.0,0.625,26.0,287872.0,74,High priority,Urban high-speed corridor speed-limit review,Urban time-window speed management,93.39,"segment-hour median speed, F85 speed, percent over limit, sample count, day/night flag, crash records, and vulnerable-user exposure"
Thailand,35047,Super Highway,trunk,URBAN,80.0,81.86666666,97.0,0.4737892271440695,17.0,4218380.0,78,Critical review,"Integrated speed-limit, design, and enforcement review",Urban time-window speed management,93.35,"segment-hour median speed, F85 speed, percent over limit, sample count, day/night flag, crash records, and vulnerable-user exposure"
Thailand,16249,Phahon Yothin Road,trunk,URBAN,80.0,87.1,105.5,0.6499967068765484,25.5,197381.0,74,High priority,Urban high-speed corridor speed-limit review,Urban time-window speed management,93.35,"segment-hour median speed, F85 speed, percent over limit, sample count, day/night flag, crash records, and vulnerable-user exposure"
Thailand,17504,Asian Highway,trunk,URBAN,90.0,96.0,110.5,0.7057665062397154,20.5,6058209.0,73,High priority,Urban high-speed corridor speed-limit review,Urban time-window speed management,93.34,"segment-hour median speed, F85 speed, percent over limit, sample count, day/night flag, crash records, and vulnerable-user exposure"
Thailand,47417, ,secondary,URBAN,90.0,90.8,106.0,0.5249999939343665,16.0,4121581.0,78,Critical review,"Integrated speed-limit, design, and enforcement review",Night/low-visibility curve speed management,93.31,"segment-hour median speed, F85 speed, percent over limit, sample count, day/night flag, crash records, and vulnerable-user exposure"
Thailand,35593,Chonburi Bypass,trunk,URBAN,80.0,76.85,91.25,0.5688909945602685,11.25,11503325.0,77,Critical review,Urban high-speed corridor speed-limit review,Urban time-window speed management,93.31,"segment-hour median speed, F85 speed, percent over limit, sample count, day/night flag, crash records, and vulnerable-user exposure"
Thailand,33527, ,motorway,URBAN,90.0,92.425,110.5,0.6043193489154726,20.5,19668844.0,72,High priority,Urban high-speed corridor speed-limit review,Night enforcement or average-speed pilot,93.29,"segment-hour median speed, F85 speed, percent over limit, sample count, day/night flag, crash records, and vulnerable-user exposure"
Thailand,33812,Suranarai Road,primary,RURAL,90.0,95.8,112.0,0.6166660146826793,22.0,153378.0,76,Critical review,"Integrated speed-limit, design, and enforcement review",Night/low-visibility curve speed management,93.24,"segment-hour median speed, F85 speed, percent over limit, sample count, day/night flag, crash records, and vulnerable-user exposure"
Thailand,42666, ,secondary,URBAN,80.0,84.5,100.0,0.5999995183241534,20.0,415217.0,77,Critical review,"Integrated speed-limit, design, and enforcement review",Night/low-visibility curve speed management,93.21,"segment-hour median speed, F85 speed, percent over limit, sample count, day/night flag, crash records, and vulnerable-user exposure"
Thailand,34557,Don Mueang Tollway,motorway,URBAN,80.0,84.3,108.0,0.5635099056818624,28.0,9111185.0,69,High priority,Urban high-speed corridor speed-limit review,Variable speed limit feasibility review,93.19,"segment-hour median speed, F85 speed, percent over limit, sample count, day/night flag, crash records, and vulnerable-user exposure"
Thailand,17522,Asian Highway,trunk,RURAL,90.0,103.0,116.0,0.7249998645493013,26.0,1845690.0,72,High priority,Enforcement or average-speed camera candidate,Night enforcement or average-speed pilot,93.17,"segment-hour median speed, F85 speed, percent over limit, sample count, day/night flag, crash records, and vulnerable-user exposure"
Maharashtra,2786,Flyover,trunk,URBAN,60.0,69.0,85.0,0.6516492143113749,25.0,150314.0,74,High priority,Curve/geometry speed-management review,Urban time-window speed management,93.09,"segment-hour median speed, F85 speed, percent over limit, sample count, day/night flag, crash records, and vulnerable-user exposure"
Thailand,34550,Sukhumvit Road,trunk,RURAL,90.0,99.8,115.66666666,0.750442221116717,25.666666660000004,1461373.0,72,High priority,Enforcement or average-speed camera candidate,Night enforcement or average-speed pilot,93.07,"segment-hour median speed, F85 speed, percent over limit, sample count, day/night flag, crash records, and vulnerable-user exposure"
Thailand,19171, ,primary,URBAN,60.0,72.9,89.0,0.7500024090116307,29.0,103777.0,71,High priority,Curve/geometry speed-management review,Urban time-window speed management,93.05,"segment-hour median speed, F85 speed, percent over limit, sample count, day/night flag, crash records, and vulnerable-user exposure"
Thailand,55620,Phahonyothin Road,trunk,URBAN,90.0,88.575,106.25,0.5750278044229243,16.25,2288305.0,78,Critical review,"Integrated speed-limit, design, and enforcement review",Urban time-window speed management,93.02,"segment-hour median speed, F85 speed, percent over limit, sample count, day/night flag, crash records, and vulnerable-user exposure"
Thailand,6178, ,trunk,RURAL,90.0,99.95,115.0,0.6872603664221523,25.0,1087598.0,73,High priority,Enforcement or average-speed camera candidate,Night enforcement or average-speed pilot,92.92,"segment-hour median speed, F85 speed, percent over limit, sample count, day/night flag, crash records, and vulnerable-user exposure"
Thailand,20712, ,primary,URBAN,66.0,80.8,120.0,0.6829261020587666,54.0,67079.0,71,High priority,Urban high-speed corridor speed-limit review,Urban time-window speed management,92.86,"segment-hour median speed, F85 speed, percent over limit, sample count, day/night flag, crash records, and vulnerable-user exposure"
Thailand,29162, ,primary,RURAL,85.0,98.2,115.0,0.7609574199646735,30.0,499342.0,70,High priority,Enforcement or average-speed camera candidate,Night enforcement or average-speed pilot,92.86,"segment-hour median speed, F85 speed, percent over limit, sample count, day/night flag, crash records, and vulnerable-user exposure"
Thailand,21486, ,primary,RURAL,90.0,95.9,113.0,0.6249993846396203,23.0,203133.0,75,Critical review,"Integrated speed-limit, design, and enforcement review",Night/low-visibility curve speed management,92.85,"segment-hour median speed, F85 speed, percent over limit, sample count, day/night flag, crash records, and vulnerable-user exposure"
Thailand,36171,Phetkasem Road,trunk,URBAN,80.0,86.425,102.75,0.6842479503940979,22.75,3033510.0,73,High priority,Urban high-speed corridor speed-limit review,Urban time-window speed management,92.73,"segment-hour median speed, F85 speed, percent over limit, sample count, day/night flag, crash records, and vulnerable-user exposure"
Thailand,17520,Asian Highway,trunk,RURAL,90.0,102.0,115.0,0.725,25.0,1862760.0,72,High priority,Enforcement or average-speed camera candidate,Night enforcement or average-speed pilot,92.68,"segment-hour median speed, F85 speed, percent over limit, sample count, day/night flag, crash records, and vulnerable-user exposure"
Thailand,5414, ,trunk,URBAN,80.0,90.3,104.0,0.6653629227402363,24.0,1971246.0,73,High priority,Urban high-speed corridor speed-limit review,Urban time-window speed management,92.64,"segment-hour median speed, F85 speed, percent over limit, sample count, day/night flag, crash records, and vulnerable-user exposure"
Maharashtra,2084,Unnamed road,trunk,URBAN,60.0,71.66666666666667,89.22222222222223,0.6867065651070003,29.22222222222223,187476.0,71,High priority,Curve/geometry speed-management review,Urban time-window speed management,92.57,"segment-hour median speed, F85 speed, percent over limit, sample count, day/night flag, crash records, and vulnerable-user exposure"
Thailand,16078,Phahon Yothin Road,trunk,URBAN,90.0,88.33333333,105.33333333,0.46220722257519514,15.333333330000002,2447465.0,79,Critical review,"Integrated speed-limit, design, and enforcement review",Urban time-window speed management,92.51,"segment-hour median speed, F85 speed, percent over limit, sample count, day/night flag, crash records, and vulnerable-user exposure"
Thailand,1290, ,trunk,RURAL,90.0,103.5,123.0,0.7273379259962092,33.0,448977.0,70,High priority,Enforcement or average-speed camera candidate,Night enforcement or average-speed pilot,92.5,"segment-hour median speed, F85 speed, percent over limit, sample count, day/night flag, crash records, and vulnerable-user exposure"
Thailand,10636, ,trunk,URBAN,80.0,89.3,104.0,0.6263375455218112,24.0,2419170.0,73,High priority,Urban high-speed corridor speed-limit review,Urban time-window speed management,92.47,"segment-hour median speed, F85 speed, percent over limit, sample count, day/night flag, crash records, and vulnerable-user exposure"
Thailand,10740, ,trunk,URBAN,90.0,97.6,111.0,0.7868960158503893,21.0,2115784.0,73,High priority,Urban high-speed corridor speed-limit review,Urban time-window speed management,92.43,"segment-hour median speed, F85 speed, percent over limit, sample count, day/night flag, crash records, and vulnerable-user exposure"
Thailand,16200,Phahon Yothin Road,trunk,RURAL,90.0,99.4,114.0,0.716667564606792,24.0,278415.0,73,High priority,"Integrated speed-limit, design, and enforcement review",Night/low-visibility curve speed management,92.31,"segment-hour median speed, F85 speed, percent over limit, sample count, day/night flag, crash records, and vulnerable-user exposure"
Thailand,6811, ,trunk,RURAL,83.0,95.66666667,112.33333333,0.7268747461331648,29.333333330000002,620404.0,70,High priority,Enforcement or average-speed camera candidate,Night enforcement or average-speed pilot,92.25,"segment-hour median speed, F85 speed, percent over limit, sample count, day/night flag, crash records, and vulnerable-user exposure"
Thailand,36236,Phetkasem Road,trunk,RURAL,80.0,93.88,107.4,0.7251128111234149,27.400000000000006,8568304.0,67,High priority,Enforcement or average-speed camera candidate,Night enforcement or average-speed pilot,92.24,"segment-hour median speed, F85 speed, percent over limit, sample count, day/night flag, crash records, and vulnerable-user exposure"
Maharashtra,3345,Unnamed road,trunk,RURAL,80.0,90.14285714285714,107.76190476190476,0.7091151250976896,27.76190476190476,454245.0,71,High priority,Curve/geometry speed-management review,Night/low-visibility curve speed management,92.2,"segment-hour median speed, F85 speed, percent over limit, sample count, day/night flag, crash records, and vulnerable-user exposure"
Thailand,20122, ,primary,URBAN,85.0,89.2,104.0,0.6041827749183827,19.0,1250653.0,76,Critical review,Urban high-speed corridor speed-limit review,Urban time-window speed management,92.17,"segment-hour median speed, F85 speed, percent over limit, sample count, day/night flag, crash records, and vulnerable-user exposure"
Thailand,36247,Phetkasem Road,trunk,URBAN,90.0,95.1,110.0,0.6166667413960343,20.0,2007243.0,75,Critical review,Urban high-speed corridor speed-limit review,Urban time-window speed management,92.17,"segment-hour median speed, F85 speed, percent over limit, sample count, day/night flag, crash records, and vulnerable-user exposure"
Thailand,51175, ,secondary,URBAN,60.0,74.0,86.0,0.8833329375163275,26.0,673712.0,70,High priority,Curve/geometry speed-management review,Night/low-visibility curve speed management,92.17,"segment-hour median speed, F85 speed, percent over limit, sample count, day/night flag, crash records, and vulnerable-user exposure"
Thailand,15182, ,trunk,URBAN,90.0,91.7,107.0,0.5500020904855036,17.0,215261.0,78,Critical review,"Integrated speed-limit, design, and enforcement review",Urban time-window speed management,92.11,"segment-hour median speed, F85 speed, percent over limit, sample count, day/night flag, crash records, and vulnerable-user exposure"
Thailand,21520, ,primary,URBAN,90.0,95.0,112.0,0.5999986255429105,22.0,145512.0,75,Critical review,"Integrated speed-limit, design, and enforcement review",Urban time-window speed management,92.07,"segment-hour median speed, F85 speed, percent over limit, sample count, day/night flag, crash records, and vulnerable-user exposure"
Thailand,17175,Patthamanon Road,primary,RURAL,90.0,96.875,114.75,0.6475197798417612,24.75,290700.0,73,High priority,"Integrated speed-limit, design, and enforcement review",Night/low-visibility curve speed management,92.0,"segment-hour median speed, F85 speed, percent over limit, sample count, day/night flag, crash records, and vulnerable-user exposure"
Thailand,5955, ,trunk,RURAL,90.0,102.0,119.0,0.7250005486382798,29.0,501241.0,70,High priority,Enforcement or average-speed camera candidate,Night enforcement or average-speed pilot,92.0,"segment-hour median speed, F85 speed, percent over limit, sample count, day/night flag, crash records, and vulnerable-user exposure"
Thailand,23096, ,primary,URBAN,80.0,84.1,97.5,0.6088135927597347,17.5,121653.0,77,Critical review,"Integrated speed-limit, design, and enforcement review",Urban time-window speed management,91.9,"segment-hour median speed, F85 speed, percent over limit, sample count, day/night flag, crash records, and vulnerable-user exposure"
Thailand,15690,Mukdahan Bypass Road,trunk,URBAN,80.0,78.05,98.0,0.4662855960479011,18.0,270641.0,78,Critical review,"Integrated speed-limit, design, and enforcement review",Urban time-window speed management,91.8,"segment-hour median speed, F85 speed, percent over limit, sample count, day/night flag, crash records, and vulnerable-user exposure"
Thailand,34737,Suwinthawong Road,trunk,URBAN,85.0,85.0,101.0,0.49999967602080986,16.0,1543309.0,78,Critical review,"Integrated speed-limit, design, and enforcement review",Urban time-window speed management,91.77,"segment-hour median speed, F85 speed, percent over limit, sample count, day/night flag, crash records, and vulnerable-user exposure"
Thailand,12135, ,trunk,RURAL,80.0,92.3,108.0,0.7666666666666667,28.0,174210.0,70,High priority,Curve/geometry speed-management review,Night/low-visibility curve speed management,91.75,"segment-hour median speed, F85 speed, percent over limit, sample count, day/night flag, crash records, and vulnerable-user exposure"
Thailand,55826,Thep Krasattri Road,primary,URBAN,65.0,64.5,80.5,0.5141869675416488,15.5,1677596.0,78,Critical review,"Integrated speed-limit, design, and enforcement review",Urban time-window speed management,91.73,"segment-hour median speed, F85 speed, percent over limit, sample count, day/night flag, crash records, and vulnerable-user exposure"
Thailand,29139, ,primary,URBAN,80.0,84.6,99.0,0.5999994199401378,19.0,344792.0,76,Critical review,"Integrated speed-limit, design, and enforcement review",Urban time-window speed management,91.67,"segment-hour median speed, F85 speed, percent over limit, sample count, day/night flag, crash records, and vulnerable-user exposure"
Thailand,36167,Phetkasem Road,trunk,URBAN,90.0,86.7,105.0,0.5316690537090698,15.0,1624046.0,78,Critical review,"Integrated speed-limit, design, and enforcement review",Urban time-window speed management,91.63,"segment-hour median speed, F85 speed, percent over limit, sample count, day/night flag, crash records, and vulnerable-user exposure"
Thailand,36345,Ratchaphruek Road,primary,URBAN,80.0,71.72916666,85.20833333,0.3958736737876457,5.208333330000002,40267684.0,80,Critical review,Urban high-speed corridor speed-limit review,Urban time-window speed management,91.56,"segment-hour median speed, F85 speed, percent over limit, sample count, day/night flag, crash records, and vulnerable-user exposure"
Thailand,2790, ,trunk,RURAL,90.0,103.0,121.0,0.7499978178707656,31.0,114567.0,69,High priority,Enforcement or average-speed camera candidate,Night enforcement or average-speed pilot,91.56,"segment-hour median speed, F85 speed, percent over limit, sample count, day/night flag, crash records, and vulnerable-user exposure"
Thailand,28076, ,primary,RURAL,90.0,100.85,118.0,0.7113303399144321,28.0,708443.0,70,High priority,Enforcement or average-speed camera candidate,Night enforcement or average-speed pilot,91.47,"segment-hour median speed, F85 speed, percent over limit, sample count, day/night flag, crash records, and vulnerable-user exposure"
Thailand,1471, ,trunk,RURAL,90.0,103.7,123.0,0.733333973764728,33.0,208193.0,69,High priority,Enforcement or average-speed camera candidate,Night enforcement or average-speed pilot,91.44,"segment-hour median speed, F85 speed, percent over limit, sample count, day/night flag, crash records, and vulnerable-user exposure"
Thailand,36245,Phetkasem Road,trunk,URBAN,90.0,83.8,101.0,0.45871459411500193,11.0,6609212.0,78,Critical review,Urban high-speed corridor speed-limit review,Urban time-window speed management,91.39,"segment-hour median speed, F85 speed, percent over limit, sample count, day/night flag, crash records, and vulnerable-user exposure"
Thailand,36254,Phetkasem Road,trunk,URBAN,80.0,85.95,100.3,0.5133861672398876,20.299999999999997,8219343.0,72,High priority,Urban high-speed corridor speed-limit review,Urban time-window speed management,91.39,"segment-hour median speed, F85 speed, percent over limit, sample count, day/night flag, crash records, and vulnerable-user exposure"
Thailand,1589, ,trunk,RURAL,90.0,102.5,121.0,0.7249980125606169,31.0,201264.0,69,High priority,Enforcement or average-speed camera candidate,Night enforcement or average-speed pilot,91.35,"segment-hour median speed, F85 speed, percent over limit, sample count, day/night flag, crash records, and vulnerable-user exposure"
Thailand,17479,Asian Highway,trunk,URBAN,60.0,86.6,103.0,1.0,43.0,647697.0,66,High priority,Enforcement or average-speed camera candidate,Urban time-window speed management,91.32,"segment-hour median speed, F85 speed, percent over limit, sample count, day/night flag, crash records, and vulnerable-user exposure"
Thailand,5318, ,trunk,URBAN,80.0,89.5,104.0,0.7000001605427629,24.0,622887.0,72,High priority,Urban high-speed corridor speed-limit review,Urban time-window speed management,91.31,"segment-hour median speed, F85 speed, percent over limit, sample count, day/night flag, crash records, and vulnerable-user exposure"
Thailand,11592, ,trunk,URBAN,60.0,87.0,104.0,0.8749996590155825,44.0,1099757.0,67,High priority,Enforcement or average-speed camera candidate,Urban time-window speed management,91.3,"segment-hour median speed, F85 speed, percent over limit, sample count, day/night flag, crash records, and vulnerable-user exposure"
Thailand,33833,Suranarai Road,primary,URBAN,40.0,66.5,80.0,1.0,40.0,598627.0,66,High priority,Curve/geometry speed-management review,Urban time-window speed management,91.3,"segment-hour median speed, F85 speed, percent over limit, sample count, day/night flag, crash records, and vulnerable-user exposure"
Thailand,1494, ,trunk,RURAL,90.0,101.9,121.0,0.7166686558613611,31.0,209465.0,69,High priority,Enforcement or average-speed camera candidate,Night enforcement or average-speed pilot,91.27,"segment-hour median speed, F85 speed, percent over limit, sample count, day/night flag, crash records, and vulnerable-user exposure"
Thailand,36334,Borommaratchachonnani Elevated Highway,primary,URBAN,80.0,76.78333333,93.16666666,0.46779154156453645,13.166666660000004,15616907.0,75,Critical review,Urban high-speed corridor speed-limit review,Urban time-window speed management,91.26,"segment-hour median speed, F85 speed, percent over limit, sample count, day/night flag, crash records, and vulnerable-user exposure"
Thailand,16079,Phahon Yothin Road,trunk,RURAL,80.0,98.6,114.66666667,0.8199922371979873,34.66666667,2117792.0,67,High priority,Enforcement or average-speed camera candidate,Night enforcement or average-speed pilot,91.26,"segment-hour median speed, F85 speed, percent over limit, sample count, day/night flag, crash records, and vulnerable-user exposure"
Thailand,1498, ,trunk,RURAL,90.0,102.0,121.0,0.7125014039159897,31.0,213688.0,69,High priority,Enforcement or average-speed camera candidate,Night enforcement or average-speed pilot,91.23,"segment-hour median speed, F85 speed, percent over limit, sample count, day/night flag, crash records, and vulnerable-user exposure"
Thailand,36539,Si Chan Road,primary,URBAN,60.0,84.0,96.0,1.0,36.0,465904.0,66,High priority,Enforcement or average-speed camera candidate,Urban time-window speed management,91.23,"segment-hour median speed, F85 speed, percent over limit, sample count, day/night flag, crash records, and vulnerable-user exposure"
Thailand,36503,Vajiravudh Damnoen Road,trunk,URBAN,60.0,88.7,105.0,1.0,45.0,448164.0,66,High priority,Enforcement or average-speed camera candidate,Urban time-window speed management,91.22,"segment-hour median speed, F85 speed, percent over limit, sample count, day/night flag, crash records, and vulnerable-user exposure"
Thailand,18423, ,primary,URBAN,40.0,55.3,70.0,0.850000089163592,30.0,1121534.0,67,High priority,Curve/geometry speed-management review,Urban time-window speed management,91.06,"segment-hour median speed, F85 speed, percent over limit, sample count, day/night flag, crash records, and vulnerable-user exposure"
Thailand,19172, ,primary,URBAN,60.0,71.4,85.0,0.7499975992701782,25.0,104135.0,71,High priority,Curve/geometry speed-management review,Urban time-window speed management,91.05,"segment-hour median speed, F85 speed, percent over limit, sample count, day/night flag, crash records, and vulnerable-user exposure"
Thailand,20716, ,primary,URBAN,80.0,89.9,106.0,0.7000015011183331,26.0,66617.0,71,High priority,Urban high-speed corridor speed-limit review,Urban time-window speed management,91.03,"segment-hour median speed, F85 speed, percent over limit, sample count, day/night flag, crash records, and vulnerable-user exposure"
Thailand,17517,Asian Highway,trunk,URBAN,90.0,93.425,109.75,0.5659528706192186,19.75,8948261.0,71,High priority,Urban high-speed corridor speed-limit review,Urban time-window speed management,91.01,"segment-hour median speed, F85 speed, percent over limit, sample count, day/night flag, crash records, and vulnerable-user exposure"
Thailand,16998,Kanchanapisek Expressway,motorway,URBAN,80.0,73.85,92.25,0.384336769538249,12.25,16125639.0,76,Critical review,Urban high-speed corridor speed-limit review,Variable speed limit feasibility review,90.97,"segment-hour median speed, F85 speed, percent over limit, sample count, day/night flag, crash records, and vulnerable-user exposure"
Thailand,10477, ,trunk,URBAN,80.0,85.45,99.5,0.6373931755233793,19.5,3563907.0,73,High priority,Urban high-speed corridor speed-limit review,Urban time-window speed management,90.91,"segment-hour median speed, F85 speed, percent over limit, sample count, day/night flag, crash records, and vulnerable-user exposure"
Thailand,34085,Surat Thani Ring Road,primary,URBAN,90.0,89.2,105.5,0.4874922720247295,15.5,517600.0,78,Critical review,"Integrated speed-limit, design, and enforcement review",Urban time-window speed management,90.88,"segment-hour median speed, F85 speed, percent over limit, sample count, day/night flag, crash records, and vulnerable-user exposure"
Thailand,35808,Mittraphap Road,trunk,URBAN,80.0,88.8,103.0,0.6999992998032447,23.0,714085.0,72,High priority,Urban high-speed corridor speed-limit review,Urban time-window speed management,90.86,"segment-hour median speed, F85 speed, percent over limit, sample count, day/night flag, crash records, and vulnerable-user exposure"
Thailand,35821,Mittraphap Road,trunk,URBAN,60.0,78.1,93.0,0.8250003661099355,33.0,1092568.0,67,High priority,Enforcement or average-speed camera candidate,Urban time-window speed management,90.8,"segment-hour median speed, F85 speed, percent over limit, sample count, day/night flag, crash records, and vulnerable-user exposure"
Thailand,36566,Chaiyaphum-Chum Phae Road,trunk,RURAL,80.0,89.7,105.0,0.7166660664337763,25.0,249903.0,71,High priority,Curve/geometry speed-management review,Night/low-visibility curve speed management,90.79,"segment-hour median speed, F85 speed, percent over limit, sample count, day/night flag, crash records, and vulnerable-user exposure"
Thailand,17516,Asian Highway,trunk,RURAL,90.0,96.13333333,110.33333333,0.6803678153563504,20.333333330000002,9625373.0,69,High priority,Enforcement or average-speed camera candidate,Night enforcement or average-speed pilot,90.78,"segment-hour median speed, F85 speed, percent over limit, sample count, day/night flag, crash records, and vulnerable-user exposure"
Thailand,36152,Phetkasem Road,trunk,URBAN,60.0,83.3,97.25,0.7246108699716444,37.25,3011397.0,67,High priority,Enforcement or average-speed camera candidate,Urban time-window speed management,90.75,"segment-hour median speed, F85 speed, percent over limit, sample count, day/night flag, crash records, and vulnerable-user exposure"
Thailand,16201,Phahon Yothin Road,trunk,URBAN,80.0,79.9,95.0,0.49999849568411775,15.0,332377.0,78,Critical review,"Integrated speed-limit, design, and enforcement review",Urban time-window speed management,90.67,"segment-hour median speed, F85 speed, percent over limit, sample count, day/night flag, crash records, and vulnerable-user exposure"
Thailand,16304,Phahon Yothin Road,trunk,URBAN,80.0,75.09230769,90.61538461,0.33373308264173235,10.615384610000007,44973186.0,77,Critical review,Urban high-speed corridor speed-limit review,Urban time-window speed management,90.65,"segment-hour median speed, F85 speed, percent over limit, sample count, day/night flag, crash records, and vulnerable-user exposure"
Thailand,9839, ,trunk,URBAN,90.0,95.45,112.0,0.6191673986847416,22.0,842420.0,73,High priority,Urban high-speed corridor speed-limit review,Urban time-window speed management,90.61,"segment-hour median speed, F85 speed, percent over limit, sample count, day/night flag, crash records, and vulnerable-user exposure"
Thailand,16501,Chaeng Sanit Road,trunk,RURAL,90.0,99.31666666,116.83333333,0.678449737625676,26.833333330000002,809721.0,70,High priority,Enforcement or average-speed camera candidate,Night enforcement or average-speed pilot,90.61,"segment-hour median speed, F85 speed, percent over limit, sample count, day/night flag, crash records, and vulnerable-user exposure"
Thailand,3634, ,trunk,RURAL,90.0,101.0,119.0,0.6999995179166285,29.0,207433.0,69,High priority,Enforcement or average-speed camera candidate,Night enforcement or average-speed pilot,90.6,"segment-hour median speed, F85 speed, percent over limit, sample count, day/night flag, crash records, and vulnerable-user exposure"
Thailand,37018, ,secondary,URBAN,60.0,72.1,85.0,0.7666670201497119,25.0,848697.0,70,High priority,Curve/geometry speed-management review,Night/low-visibility curve speed management,90.59,"segment-hour median speed, F85 speed, percent over limit, sample count, day/night flag, crash records, and vulnerable-user exposure"
Thailand,7897, ,trunk,RURAL,90.0,97.35,117.75,0.6153550388176708,27.75,855667.0,70,High priority,Enforcement or average-speed camera candidate,Night enforcement or average-speed pilot,90.46,"segment-hour median speed, F85 speed, percent over limit, sample count, day/night flag, crash records, and vulnerable-user exposure"
Thailand,17447,Asian Highway,trunk,URBAN,90.0,92.2,109.0,0.55,19.0,865120.0,75,Critical review,"Integrated speed-limit, design, and enforcement review",Urban time-window speed management,90.43,"segment-hour median speed, F85 speed, percent over limit, sample count, day/night flag, crash records, and vulnerable-user exposure"
Thailand,36172,Phetkasem Road,trunk,RURAL,90.0,90.49166666,108.45833333,0.5273859367567263,18.458333330000002,7649857.0,72,High priority,"Integrated speed-limit, design, and enforcement review",Night/low-visibility curve speed management,90.33,"segment-hour median speed, F85 speed, percent over limit, sample count, day/night flag, crash records, and vulnerable-user exposure"
Thailand,5470, ,trunk,RURAL,90.0,96.45,111.0,0.6417147616507509,21.0,747999.0,73,High priority,"Integrated speed-limit, design, and enforcement review",Night/low-visibility curve speed management,90.29,"segment-hour median speed, F85 speed, percent over limit, sample count, day/night flag, crash records, and vulnerable-user exposure"
Thailand,35041,Super Highway,trunk,RURAL,77.0,87.0125,99.25,0.7399616719699161,22.25,5531200.0,69,High priority,Curve/geometry speed-management review,Night/low-visibility curve speed management,90.29,"segment-hour median speed, F85 speed, percent over limit, sample count, day/night flag, crash records, and vulnerable-user exposure"
Thailand,21994, ,primary,RURAL,85.0,94.0,110.5,0.7138611424203558,25.5,771870.0,70,High priority,Enforcement or average-speed camera candidate,Night enforcement or average-speed pilot,90.27,"segment-hour median speed, F85 speed, percent over limit, sample count, day/night flag, crash records, and vulnerable-user exposure"
Thailand,33851,Si Khio-Det Udom Road,trunk,URBAN,90.0,96.5,113.0,0.6499995913764077,23.0,489448.0,72,High priority,Urban high-speed corridor speed-limit review,Urban time-window speed management,90.24,"segment-hour median speed, F85 speed, percent over limit, sample count, day/night flag, crash records, and vulnerable-user exposure"
Thailand,16173,Phahon Yothin Road,trunk,URBAN,80.0,87.5,102.0,0.6833326403117737,22.0,697429.0,72,High priority,Urban high-speed corridor speed-limit review,Urban time-window speed management,90.18,"segment-hour median speed, F85 speed, percent over limit, sample count, day/night flag, crash records, and vulnerable-user exposure"
Thailand,34560,Don Mueang Tollway,motorway,URBAN,80.0,84.13333333,107.66666666,0.3322428017399689,27.666666660000004,10379036.0,68,High priority,Urban high-speed corridor speed-limit review,Variable speed limit feasibility review,90.16,"segment-hour median speed, F85 speed, percent over limit, sample count, day/night flag, crash records, and vulnerable-user exposure"
Thailand,34549,Sukhumvit Road,trunk,URBAN,90.0,92.06666666,106.33333333,0.6113365678205673,16.333333330000002,1731547.0,75,Critical review,Urban high-speed corridor speed-limit review,Urban time-window speed management,90.15,"segment-hour median speed, F85 speed, percent over limit, sample count, day/night flag, crash records, and vulnerable-user exposure"
Thailand,6407, ,trunk,URBAN,80.0,90.6,104.0,0.7833334630138266,24.0,642605.0,70,High priority,Urban high-speed corridor speed-limit review,Urban time-window speed management,90.15,"segment-hour median speed, F85 speed, percent over limit, sample count, day/night flag, crash records, and vulnerable-user exposure"
Thailand,19242, ,primary,RURAL,90.0,104.0,120.0,0.8,30.0,280140.0,67,High priority,Enforcement or average-speed camera candidate,Night enforcement or average-speed pilot,90.14,"segment-hour median speed, F85 speed, percent over limit, sample count, day/night flag, crash records, and vulnerable-user exposure"
Thailand,1086, ,trunk,RURAL,90.0,99.0,119.0,0.6500004352254032,29.0,229766.0,69,High priority,Enforcement or average-speed camera candidate,Night enforcement or average-speed pilot,90.11,"segment-hour median speed, F85 speed, percent over limit, sample count, day/night flag, crash records, and vulnerable-user exposure"
Thailand,6094, ,trunk,RURAL,90.0,102.0,117.0,0.7249990918667587,27.0,550580.0,69,High priority,Enforcement or average-speed camera candidate,Night enforcement or average-speed pilot,90.03,"segment-hour median speed, F85 speed, percent over limit, sample count, day/night flag, crash records, and vulnerable-user exposure"
Thailand,33879,Si Khio-Det Udom Road,trunk,RURAL,90.0,98.2,116.5,0.6500007827114691,26.5,511044.0,70,High priority,Enforcement or average-speed camera candidate,Night enforcement or average-speed pilot,90.01,"segment-hour median speed, F85 speed, percent over limit, sample count, day/night flag, crash records, and vulnerable-user exposure"
Thailand,21134, ,primary,URBAN,80.0,86.7,102.0,0.675,22.0,482960.0,72,High priority,Urban high-speed corridor speed-limit review,Urban time-window speed management,89.99,"segment-hour median speed, F85 speed, percent over limit, sample count, day/night flag, crash records, and vulnerable-user exposure"
Thailand,19261, ,primary,RURAL,90.0,104.0,121.0,0.7833332158490939,31.0,283726.0,67,High priority,Enforcement or average-speed camera candidate,Night enforcement or average-speed pilot,89.98,"segment-hour median speed, F85 speed, percent over limit, sample count, day/night flag, crash records, and vulnerable-user exposure"
Thailand,35796,Mittraphap Road,trunk,URBAN,80.0,86.8,102.0,0.6666660622752797,22.0,551519.0,72,High priority,Urban high-speed corridor speed-limit review,Urban time-window speed management,89.94,"segment-hour median speed, F85 speed, percent over limit, sample count, day/night flag, crash records, and vulnerable-user exposure"
Thailand,29767, ,primary,RURAL,90.0,101.0,117.0,0.7333353110445282,27.0,134836.0,69,High priority,Enforcement or average-speed camera candidate,Night enforcement or average-speed pilot,89.9,"segment-hour median speed, F85 speed, percent over limit, sample count, day/night flag, crash records, and vulnerable-user exposure"
Thailand,36486,Phatthanakan Khu Khwang Road,primary,URBAN,80.0,87.0,102.0,0.6666674585846684,22.0,420919.0,72,High priority,Urban high-speed corridor speed-limit review,Urban time-window speed management,89.88,"segment-hour median speed, F85 speed, percent over limit, sample count, day/night flag, crash records, and vulnerable-user exposure"
Thailand,29666, ,primary,URBAN,80.0,87.0,102.0,0.6749979378041738,22.0,230337.0,72,High priority,Urban high-speed corridor speed-limit review,Urban time-window speed management,89.87,"segment-hour median speed, F85 speed, percent over limit, sample count, day/night flag, crash records, and vulnerable-user exposure"
Thailand,7115, ,trunk,RURAL,90.0,106.0,121.0,0.7750020529009772,31.0,219202.0,67,High priority,Enforcement or average-speed camera candidate,Night enforcement or average-speed pilot,89.86,"segment-hour median speed, F85 speed, percent over limit, sample count, day/night flag, crash records, and vulnerable-user exposure"
Thailand,11778, ,trunk,RURAL,90.0,102.0,120.0,0.7333337508572287,30.0,958029.0,67,High priority,Enforcement or average-speed camera candidate,Night enforcement or average-speed pilot,89.81,"segment-hour median speed, F85 speed, percent over limit, sample count, day/night flag, crash records, and vulnerable-user exposure"
Thailand,16195,Phahon Yothin Road,trunk,URBAN,90.0,89.1,106.4,0.564956957903784,16.400000000000006,9895545.0,71,High priority,Urban high-speed corridor speed-limit review,Urban time-window speed management,89.8,"segment-hour median speed, F85 speed, percent over limit, sample count, day/night flag, crash records, and vulnerable-user exposure"
Maharashtra,3836,Mumbai Delhi Highway,trunk,URBAN,40.0,51.09090909090909,65.36363636363636,0.7726326227951523,25.36363636363636,6748312.0,66,High priority,Curve/geometry speed-management review,Urban time-window speed management,89.78,"segment-hour median speed, F85 speed, percent over limit, sample count, day/night flag, crash records, and vulnerable-user exposure"
Thailand,35755,Mittraphap Road,trunk,RURAL,90.0,94.9,115.0,0.6000000801221703,25.0,2496188.0,70,High priority,Enforcement or average-speed camera candidate,Night enforcement or average-speed pilot,89.75,"segment-hour median speed, F85 speed, percent over limit, sample count, day/night flag, crash records, and vulnerable-user exposure"
Thailand,3009, ,trunk,RURAL,90.0,99.05,115.0,0.6913898375881471,25.0,651184.0,70,High priority,Enforcement or average-speed camera candidate,Night enforcement or average-speed pilot,89.74,"segment-hour median speed, F85 speed, percent over limit, sample count, day/night flag, crash records, and vulnerable-user exposure"
Thailand,935, ,trunk,RURAL,90.0,105.8,126.0,0.7666672015146896,36.0,124646.0,67,High priority,Enforcement or average-speed camera candidate,Night enforcement or average-speed pilot,89.73,"segment-hour median speed, F85 speed, percent over limit, sample count, day/night flag, crash records, and vulnerable-user exposure"
Thailand,944, ,trunk,RURAL,90.0,106.2,127.0,0.7666636828956683,37.0,122887.0,67,High priority,Enforcement or average-speed camera candidate,Night enforcement or average-speed pilot,89.73,"segment-hour median speed, F85 speed, percent over limit, sample count, day/night flag, crash records, and vulnerable-user exposure"
Thailand,11564, ,trunk,RURAL,86.0,95.4,110.66666667,0.6952056740006022,24.666666669999998,2816496.0,69,High priority,Enforcement or average-speed camera candidate,Night enforcement or average-speed pilot,89.69,"segment-hour median speed, F85 speed, percent over limit, sample count, day/night flag, crash records, and vulnerable-user exposure"
Thailand,16865,Lampang Bypass Road,trunk,URBAN,90.0,91.9,108.0,0.5500012608273549,18.0,317252.0,75,Critical review,"Integrated speed-limit, design, and enforcement review",Urban time-window speed management,89.66,"segment-hour median speed, F85 speed, percent over limit, sample count, day/night flag, crash records, and vulnerable-user exposure"
Thailand,36668,Chayangkun Road,primary,RURAL,90.0,99.175,115.0,0.7046161883132119,25.0,225879.0,70,High priority,Enforcement or average-speed camera candidate,Night enforcement or average-speed pilot,89.66,"segment-hour median speed, F85 speed, percent over limit, sample count, day/night flag, crash records, and vulnerable-user exposure"
Thailand,33898,Si Khio-Det Udom Road,trunk,RURAL,85.0,93.5,110.5,0.6629189452850188,25.5,533035.0,70,High priority,Enforcement or average-speed camera candidate,Night enforcement or average-speed pilot,89.65,"segment-hour median speed, F85 speed, percent over limit, sample count, day/night flag, crash records, and vulnerable-user exposure"
Thailand,19241, ,primary,RURAL,90.0,100.0,117.0,0.6999990321925034,27.0,309979.0,69,High priority,Enforcement or average-speed camera candidate,Night enforcement or average-speed pilot,89.65,"segment-hour median speed, F85 speed, percent over limit, sample count, day/night flag, crash records, and vulnerable-user exposure"
Thailand,2616, ,trunk,RURAL,90.0,97.6,116.0,0.6500014241092197,26.0,210658.0,70,High priority,Enforcement or average-speed camera candidate,Night enforcement or average-speed pilot,89.61,"segment-hour median speed, F85 speed, percent over limit, sample count, day/night flag, crash records, and vulnerable-user exposure"
Maharashtra,3984,JNPT Road,motorway,URBAN,55.0,61.0,73.2,0.6698324231991784,18.200000000000003,3597455.0,72,High priority,Curve/geometry speed-management review,Night/low-visibility curve speed management,89.6,"segment-hour median speed, F85 speed, percent over limit, sample count, day/night flag, crash records, and vulnerable-user exposure"
Thailand,1264, ,trunk,RURAL,90.0,105.0,124.0,0.7500024785604521,34.0,201730.0,67,High priority,Enforcement or average-speed camera candidate,Night enforcement or average-speed pilot,89.6,"segment-hour median speed, F85 speed, percent over limit, sample count, day/night flag, crash records, and vulnerable-user exposure"
Thailand,12461, ,trunk,RURAL,70.0,81.53333333,94.0,0.7725387717345744,24.0,1729675.0,69,High priority,Curve/geometry speed-management review,Night/low-visibility curve speed management,89.59,"segment-hour median speed, F85 speed, percent over limit, sample count, day/night flag, crash records, and vulnerable-user exposure"
Thailand,30455, ,primary,RURAL,90.0,98.0,116.0,0.6500024332422606,26.0,143841.0,70,High priority,Enforcement or average-speed camera candidate,Night enforcement or average-speed pilot,89.57,"segment-hour median speed, F85 speed, percent over limit, sample count, day/night flag, crash records, and vulnerable-user exposure"
Thailand,973, ,trunk,RURAL,90.0,106.0,127.0,0.7499982023570694,37.0,139071.0,67,High priority,Enforcement or average-speed camera candidate,Night enforcement or average-speed pilot,89.57,"segment-hour median speed, F85 speed, percent over limit, sample count, day/night flag, crash records, and vulnerable-user exposure"
